Order Date,Appeal Number,Assessment Year,Case Status,Parties,Alpha Bench,Order Link
20/04/2010,ITA 4365/MUM/2005,[2000-2001],Status: Disposed,"DCIT CIR 2(1), MUMBAIVS.M/S. BOMBAY DYEING & MFG. CO. LTD., MUMBAI",J,https://itat.gov.in/public/files/upload/-14049846313205069671351REFNO4365_-_PK__DKA_-_The_Bombay_Dyeing_-_UPLOADED.pdf
20/04/2010,ITA 5016/MUM/2005,[2001-2002],Status: Disposed,"M/S. MODEST MARITIME SERVICES P. LTD.,MUMBAIVS.ACIT CIR. 9(2), MUMBAI",J,https://itat.gov.in/public/files/upload/18495695120159856191351REFNO5016-Modest_Maritime_PK_.pdf
20/04/2010,ITA 2279/MUM/2006,[2002-2003],Status: Disposed,"DCIT - 16(3), MUMBAIVS.M/S. STARLITE, MUMBAI",L,
20/04/2010,ITA 4447/MUM/2006,[2003-2004],Status: Disposed,"ITO - 10(2)-3, MUMBAIVS.M/S. CHHABHAIYA BUILDERS P. LTD., MUMBAI",G,https://itat.gov.in/public/files/upload/-64696985545640884081351REFNOMicrosoft_Word_-_ITA__4447___Chhabhaiya_Builders_P.Ltd..pdf
20/04/2010,ITA 4677/MUM/2006,[2001-2002],Status: Disposed,"M/S. PROMINENCE ELECTRIC (INDIA) P. LTD.,MUMBAIVS.DCIT RG. - 8(1), MUMBAI",B,https://itat.gov.in/public/files/upload/74983852566300457631351REFNO4677.pdf
20/04/2010,ITA 6018/MUM/2006,[1998-1999],Status: Disposed,"M/S. METRO EXPORTERS LTD.,MUMBAIVS.DCIT RG. - 6(3), MUMBAI",B,https://itat.gov.in/public/files/upload/6220942945289720471351REFNO6018_-corrigendum.docx
20/04/2010,ITA 925/MUM/2006,[2002-2003],Status: Disposed,"M/S. STAR LITE,MUMBAIVS.ACIT - 16(3), MUMBAI",L,
20/04/2010,ITA 1325/MUM/2007,[1996-1997],Status: Disposed,"M/S. ULTRAMARINE & PIGMENTS LTD.,MUMBAIVS.ACIT CIR - 7(3), MUMBAI",F,https://itat.gov.in/public/files/upload/35237440305979271821351REFNOPenalty_matter_with_NVV.pdf
20/04/2010,ITA 4407/MUM/2007,[2003-2004],Status: Disposed,"THE ITO RG 8(3)-1, MUMBAIVS.M/S. SANGHVI FILAMENTS LTD., MUMBAI",J,https://itat.gov.in/public/files/upload/34511258746235169551351REFNO4407_&_CO_230-Sanghvi_Filaments__PK_.pdf
20/04/2010,ITA 6569/MUM/2007,[2003-2004],Status: Disposed,"M/S. TOLANI PVT. LTD,MUMBAIVS.THE ACIT CEN CIR-17, MUMBAI",E,https://itat.gov.in/public/files/upload/-18887284126678954841351REFNOITA_6569_NVV_Tolani_P.Ltd._20.4.10.docx
