Order Date,Appeal Number,Assessment Year,Case Status,Parties,Alpha Bench,Order Link
21/01/2011,ITA 5981/MUM/2003,[1999 - 00],Status: Disposed,"PLASTIBLENDS INDIA LTD,MUMBAIVS.DCIT RG - 8(2), MUMBAI",E,https://itat.gov.in/public/files/upload/5699500046550355391351REFNOMicrosoft_Word_-_5981_A_NVV_COV.pdf
21/01/2011,ITA 4098/MUM/2004,[2000-2001],Status: Disposed,"THE ACIT CEN CIR-35, MUMBAIVS.M/S. BHAVANI GEMS, MUMBAI",D,
21/01/2011,ITA 2350/MUM/2005,[2001-2002],Status: Disposed,"M/S. URMILA & CO. LTD,MUMBAIVS.M/S. DY CIT CC-24& 26, MUMBAI",G,https://itat.gov.in/public/files/upload/12829403607644885631351REFNO2350-466-1276-582-1269-G-Apr.pdf
21/01/2011,ITA 1276/MUM/2006,[2002-2003],Status: Disposed,"DCIT CENT. CIR. - 24, MUMBAIVS.M/S. URMILA & CO. LTD., MUMBAI",G,https://itat.gov.in/public/files/upload/-69440442372135521781351REFNO2350-466-1276-582-1269-G-Apr.pdf
21/01/2011,ITA 3652/MUM/2006,[2001-2002],Status: Disposed,"THE ACIT 2(3), MUMBAIVS.M/S. DENA BANK, MUMBAI",C,
21/01/2011,ITA 3653/MUM/2006,[2002-2003],Status: Disposed,"THE ACIT 2(3), MUMBAIVS.M/S. DENA BANK, MUMBAI",C,
21/01/2011,ITA 3774/MUM/2006,[2002-2003],Status: Disposed,"THE ACIT CC-35, MUMBAIVS.M/S. BHAVANI GEMS, MUMBAI",D,"https://itat.gov.in/public/files/upload/-31083627076496913481351REFNOMicrosoft_Word_-_ITA_NOS.3744,4098_&_957.pdf"
21/01/2011,ITA 466/MUM/2006,[2002-2003],Status: Disposed,"M/S. URMILA & CO. LTD.,MUMBAIVS.DCIT CENT. CIR. - 24&26, MUMBAI",G,https://itat.gov.in/public/files/upload/-63966048585182571791351REFNO2350-466-1276-582-1269-G-Apr.pdf
21/01/2011,ITA 5968/MUM/2006,[2003-2004],Status: Disposed,"DCIT CENT. CIR. -2, MUMBAIVS.SMT. PROFESSOR POONAM KUMAR, MUMBAI",C,https://itat.gov.in/public/files/upload/-401151633142354101351REFNO5968_&_6236-_Poonam_Kumar-_BR.pdf
21/01/2011,ITA 6236/MUM/2006,[2003-2004],Status: Disposed,"M/S. PROFESSOR POONAM KUMAR,MUMBAIVS.THE ACIT CEN CIR-2, MUMBAI",C,
