Order Date,Appeal Number,Assessment Year,Case Status,Parties,Alpha Bench,Order Link
20/05/2010,ITA 1178/MUM/2009,[1999-2000],Status: Disposed,"ALL INDIA ASSOICATION OF INDUSTRIES,MUMBAIVS.ITO 3(1)(1), MUMBAI",A,
20/05/2010,ITA 1179/MUM/2009,[2001-2002],Status: Disposed,"ALL INDIA ASSOICATION OF INDUSTRIES,MUMBAIVS.ITO 3(1)(1), MUMBAI",A,
20/05/2010,ITA 1180/MUM/2009,[2002-2003],Status: Disposed,"ALL INDIA ASSOICATION OF INDUSTRIES,MUMBAIVS.ITO 3(1)(1), MUMBAI",A,
20/05/2010,ITA 1181/MUM/2009,[2004-2005],Status: Disposed,"ALL INDIA ASSOICATION OF INDUSTRIES,MUMBAIVS.ITO 3(1)(1), MUMBAI",A,https://itat.gov.in/public/files/upload/20231125811493141451351REFNO1178_TO_1181_-All_India_Association_of_Industries__rss_-mp.pdf
20/05/2010,ITA 3837/MUM/2009,[2002-03],Status: Disposed,"ADF FOODS LTD ( SUCESSOR OF LUSTRE INVESTMENT P. LTD),MUMBAIVS.ITO WD 6(3)(2), MUMBAI",A,
20/05/2010,ITA 3838/MUM/2009,[2001-02],Status: Disposed,"ADF FOODS LTD ( SUCESSOR OF LUSTRE INVESTMENT P. LTD),MUMBAIVS.ITO WD 6(3)(2), MUMBAI",A,https://itat.gov.in/public/files/upload/-33722975895035140261351REFNO3836_to_3838_-ADF_Foods_Ltd_-_RSS__-11.pdf
