Order Date,Appeal Number,Assessment Year,Case Status,Parties,Alpha Bench,Order Link
20/08/2010,ITA 6624/MUM/2003,[1998 - 99],Status: Disposed,"BOARD OF CONTROL FOR CRICKET IN INDIA,MUMBAIVS.ITO (E) - 1(1), MUMBAI",A,https://itat.gov.in/public/files/upload/-30179998967061964241351REFNO6624-AVR-12.8.doc
20/08/2010,ITA 2092/MUM/2006,[2002-2003],Status: Disposed,"ACIT - 4(3), MUMBAIVS.SRI. MAHESH KUMAR DAMANI, MUMBAI",I,https://itat.gov.in/public/files/upload/-79295267619304903791351REFNO2092-Mahesh_Kumar_Damani.pdf
20/08/2010,ITA 3822/MUM/2006,[2001-2002],Status: Disposed,"M/S. MORGAN STANLEY INVESTMENT MANAGEMENT  A/C MORGAN STANLEY DEAN WITTER PACIFIC GROWTH FUND INC.,MUMBAIVS.THE DDIT (IT)-RG-3(2), MUMBAI",L,https://itat.gov.in/public/files/upload/33855596757511201441351REFNO3822_m_06_-_morgan_stanley_investment.pdf
20/08/2010,ITA 3903/MUM/2006,[1999-2000],Status: Disposed,"M/S. ABACUS INTERNATIONAL PTE. LTD.,MUMBAIVS.ADIT (I.T) - 1(1), MUMBAI",F,https://itat.gov.in/public/files/upload/64616509348218381371351REFNOAUGUST_10_3903_4789_4790_OF_2007.doc
20/08/2010,ITA 6560/MUM/2006,[2003-2004],Status: Disposed,"DCIT RG. - 4(1), MUMBAIVS.M/S. ICICI WEB TRADE LTD., MUMBAI",I,"https://itat.gov.in/public/files/upload/58792743004526413241351REFNO7036,6560-ICICI_Brokerage,_Webtrde.pdf"
20/08/2010,ITA 7036/MUM/2006,[2003-2004],Status: Disposed,"M/S. ICICI BROKERAGE SERVICES LTD.,MUMBAIVS.ACIT CIR. -3(1), MUMBAI",I,"https://itat.gov.in/public/files/upload/-28224150589494081321351REFNO7036,6560-ICICI_Brokerage,_Webtrde.pdf"
20/08/2010,ITA 1248/MUM/2007,[2004-2005],Status: Disposed,"M/S. K. DAMANI SECURITIES P. LTD.,MUMBAIVS.ITO - 4(3)(2), MUMBAI",A,https://itat.gov.in/public/files/upload/-51405892397482147301351REFNO1248-AVR-A-11.8.doc
20/08/2010,ITA 1925/MUM/2007,[2002-2003],Status: Disposed,"DCIT - 3(2), MUMBAIVS.M/S. LOTUS GLOBAL LTD., MUMBAI",H,
20/08/2010,ITA 1937/MUM/2007,[2002-2003],Status: Disposed,"ITO - 1(1)-(2), MUMBAIVS.M/S. COX & KINGS (INDIA) P. LTD., MUMBAI",L,https://itat.gov.in/public/files/upload/58755334802862960471351REFNO982_&_1937Cox_&_King__India_P_Ltd.pdf
20/08/2010,ITA 5868/MUM/2007,[1999-2000],Status: Disposed,"M/S.  VN PAREKH SECURITIES PVT. LTD,MUMBAIVS.THE ACIT CEN CIR-40, MUMBAI",F,https://itat.gov.in/public/files/upload/-76453150002115297931351REFNO5868_m_07__-_V_N_parekh_securities.pdf
