Order Date,Appeal Number,Assessment Year,Case Status,Parties,Alpha Bench,Order Link
20/10/2010,ITA 4227/MUM/2005,[2002-2003],Status: Disposed,"M/S. KING METAL WORKS,MUMBAIVS.DCIT RG. - 20(1), MUMBAI",F,https://itat.gov.in/public/files/upload/16702275746663723301351REFNOITA_4227&5020-br-dka.pdf
20/10/2010,ITA 5020/MUM/2005,[2002-2003],Status: Disposed,"ACIT 20(1), MUMBAIVS.M/S. KING METAL WORKS, MUMBAI",F,https://itat.gov.in/public/files/upload/70276876700149643511351REFNOITA_4227&5020-br-dka.pdf
20/10/2010,ITA 6596/MUM/2005,[2002-2003],Status: Disposed,"ACIT 12(1), MUMBAIVS.SRI. BHAVIN PAREKH, MUMBAI",F,https://itat.gov.in/public/files/upload/86519551412658621791351REFNOITA_6596-CO_108-br-dka.pdf
20/10/2010,ITA 4041/MUM/2006,[2001-2002],Status: Disposed,"ACIT RG. - 4(1), MUMBAIVS.M/S. ANKIT SECURITIES & FINANCE P. LTD., MUMBAI",G,https://itat.gov.in/public/files/upload/32410151725746151821351REFNO4041-Ankit_Securities_and_Finamce_P.pdf
20/10/2010,ITA 4813/MUM/2006,[2003-2004],Status: Disposed,"ACIT CIR - 3(1), MUMBAIVS.M/S. DELITE ENTERPRISES P. LTD., MUMBAI",D,https://itat.gov.in/public/files/upload/13215643052634369971351REFNO4813_Delite_Enterprises_Private_Limited.pdf
20/10/2010,ITA 1808/MUM/2007,[2003-2004],Status: Disposed,"M/S. GEMINI DYEING & PRINTING MILLS LTD.,MUMBAIVS.ITO - 6(3)(1), MUMBAI",G,https://itat.gov.in/public/files/upload/-86091425381816353281351REFNO1808-1809-G--RKPanda-14A-ESCI.pdf
20/10/2010,ITA 1809/MUM/2007,[2003-2004],Status: Disposed,"M/S. GEMINI FASHIONS P. LTD.,MUMBAIVS.ITO - 6(3)(1), MUMBAI",G,https://itat.gov.in/public/files/upload/81008914238908134611351REFNO1808-1809-G--RKPanda-14A-ESCI.pdf
20/10/2010,ITA 2972/MUM/2007,[2004-2005],Status: Disposed,"SRI. NEVILLE J. PEREIRA,THANEVS.ITO WD. 3(1), THANE",I,https://itat.gov.in/public/files/upload/28950952367140942941351REFNO2972-SVM-I-54.pdf
20/10/2010,ITA 3566/MUM/2007,[2004-2005],Status: Disposed,"NITIN KUMAR JAIN (HUF),MUMBAIVS.INCOME TAX OFFICER-13(3)-2, MUMBAI",I,https://itat.gov.in/public/files/upload/35930058406241212791351REFNO3566.pdf
20/10/2010,ITA 4053/MUM/2007,[2003-2004],Status: Disposed,"M/S. R.J. CONSTRUCTIONS,MUMBAIVS.THE ITO 25(3)(4), MUMBAI",D,https://itat.gov.in/public/files/upload/-16301224742483263341351REFNO4053-80iB-SVM-D.pdf
