Order Date,Appeal Number,Assessment Year,Case Status,Parties,Alpha Bench,Order Link
20/01/2010,ITA 1177/MUM/2006,[2002-2003],Status: Disposed,"DCIT 15(3), MUMBAIVS.M/S. KUVERJI KHIMRAJ & CO., MUMBAI",J,https://itat.gov.in/public/files/upload/30802495065364832291351REFNOMicrosoft_Word_-_ITA_1177-Mum-2006.pdf
20/01/2010,ITA 2269/MUM/2007,[2000-2001],Status: Disposed,"M/S. EMC,MUMBAIVS.ITO, TDS - WD. 2(3), MUMBAI",E,
20/01/2010,ITA 2270/MUM/2007,[2001-2002],Status: Disposed,"M/S. EMC,MUMBAIVS.ITO, TDS - WD. 2(3), MUMBAI",E,
20/01/2010,ITA 2271/MUM/2007,[2002-2003],Status: Disposed,"M/S. EMC,MUMBAIVS.ITO, TDS - WD. 2(3), MUMBAI",E,
20/01/2010,ITA 2272/MUM/2007,[2003-2004],Status: Disposed,"M/S. EMC,MUMBAIVS.ITO, TDS - WD. 2(3), MUMBAI",E,
20/01/2010,ITA 3274/MUM/2007,[2004-2005],Status: Disposed,"ITO - 5(1)(1), MUMBAIVS.M/S. ALA CHEMICALS P. LTD., MUMBAI",A,
20/01/2010,ITA 3981/MUM/2007,[2003-2004],Status: Disposed,"M/S. GINNERS & PRESSERS LTD,MUMBAIVS.THE ITO 1(1)(4), MUMBAI",G,https://itat.gov.in/public/files/upload/91615560206862091681351REFNOMicrosoft_Word_-_ita_3981-4193-M-2007.pdf
20/01/2010,ITA 4123/MUM/2007,[2003-2004],Status: Disposed,"MR. ARJUNDAS M. BIJLANI,MUMBAIVS.THE ITO WD 18(3)(1), MUMBAI",A,
20/01/2010,ITA 4193/MUM/2007,[2003-2004],Status: Disposed,"THE ITO-1(1)(4), MUMBAIVS.M/S. GINNERS & PRESSERS LTD, MUMBAI",G,
20/01/2010,ITA 4600/MUM/2007,[1993-1994],Status: Disposed,"THE DY CIT 3(2), MUMBAIVS.M/S. LLOYD FINANCE LTD, MUMBAI",H,
