Order Date,Appeal Number,Assessment Year,Case Status,Parties,Alpha Bench,Order Link
21/01/2010,ITA 2978/MUM/2005,[2001-2002],Status: Disposed,"SMT. TULSI MATLANI PROP. PARVATI EXPORTS,MUMBAIVS.ITO WD. - 14(3) - 3, MUMBAI",G,
21/01/2010,ITA 3263/MUM/2005,[2000-2001],Status: Disposed,"M/S. IMS LEARNING RESOURCES P. LTD.,MUMBAIVS.DCIT 5(2), MUMBAI",C,
21/01/2010,ITA 3993/MUM/2005,[2001-2002],Status: Disposed,"M/S. IMS LEARNING RESOURCES P. LTD.,MUMBAIVS.DCIT 5(2), MUMBAI",C,
21/01/2010,ITA 3359/MUM/2006,[2001-2002],Status: Disposed,"M/S. CONEX METALS (INDIA),MUMBAIVS.ITO WD. - 13(1)(2), MUMBAI",C,
21/01/2010,ITA 4504/MUM/2006,[1998-1999],Status: Disposed,"SMT. LEELA NAGESH RANE,MUMBAIVS.DCIT - 16(1), MUMBAI",C,
21/01/2010,ITA 4505/MUM/2006,[2000-2001],Status: Disposed,"SMT. LEELA NAGESH RANE,MUMBAIVS.DCIT - 16(1), MUMBAI",C,
21/01/2010,ITA 4909/MUM/2006,[2001-2002],Status: Disposed,"M/S. PRAVIN PHARMA,MUMBAIVS.ITO WD. - 23(3)(1), MUMBAI",C,https://itat.gov.in/public/files/upload/3126755312010146221351REFNOMicrosoft_Word_-_4909_-_Janhvi_20.1.2010.pdf
21/01/2010,ITA 2386/MUM/2007,[2003-2004],Status: Disposed,"M/S. KEJRIWAL EXPORTS,MUMBAIVS.ITO WD. - 23(1)(1), MUMBAI",H,
21/01/2010,ITA 3645/MUM/2007,[2002-2003],Status: Disposed,"THE DY CIT CEN CIR-7, MUMBAIVS.M/S. CASBY LOGISTICS P. LTD, MUMBAI",C,https://itat.gov.in/public/files/upload/-87471200268302722771351REFNOITA__3645_mUM_2007.doc
21/01/2010,ITA 3310/MUM/2008,[2001-2002],Status: Disposed,"THE DCIT CIR 3(1), MUMBAIVS.M/S. ICICI BANK LTD (IN RESPECT OF ERSTWHILE  M.S, ICICI CAPITAL SERVICES LTD.) ICICI BANK TOWERS ,, MUMBAI",I,https://itat.gov.in/public/files/upload/-57356250348241722051351REFNOMicrosoft_Word_-_3310.pdf
